<?xml version="1.0" encoding="UTF-8"?>
<QCARConfig xmlns:xsi="http://www.w3.org/2001/XMLSchema-instance" xsi:noNamespaceSchemaLocation="qcar_config.xsd">
  <Tracking>
    <ImageTarget name="Johnson" size="879.000000 350.000000" />
    <ImageTarget name="Zijia" size="850.000000 342.000000" />
    <ImageTarget name="Raul" size="863.000000 309.000000" />
    <ImageTarget name="804" size="755.000000 397.000000" />
    <ImageTarget name="803" size="722.000000 387.558594" />
    <ImageTarget name="Tina" size="863.000000 335.611115" />
    <ImageTarget name="Faraday_Technology_logo_20080804" size="783.000000 535.000000" />
  </Tracking>
</QCARConfig>
